{
  "type": "service_account",
  "project_id": "retro-fit-dev-485215",
  "private_key_id": "<PRIVATE_KEY_ID>",
  "private_key": "<PRIVATE_KEY>",
  "client_email": "retro-fit-service@retro-fit-dev-485215.iam.gserviceaccount.com",
  "client_id": "<CLIENT_ID>",
  "auth_uri": "https://accounts.google.com/o/oauth2/auth",
  "token_uri": "https://oauth2.googleapis.com/token",
  "auth_provider_x509_cert_url": "https://www.googleapis.com/oauth2/v1/certs",
  "client_x509_cert_url": "https://www.googleapis.com/robot/v1/metadata/x509/retro-fit-service%40retro-fit-dev-485215.iam.gserviceaccount.com"
}